S.No,Name,Age,Blood Group,Phone No,Date,Aaadhar No,Address
1,Mohamed Shajith,18,B+,9003537293,17/04/2017,8392-3934-3483,17-Begambur-Dindigul
2,Ram Kumar,90,O+,9248484484,09/09/1999,7832-3848-2930,19-Ram Nagar-Madurai
3,Pukalvanan,18,O+,9838383282,25/10/2014,4749-3838-4848,20-Lakkapuram-Erode
4,Mohamed Shuhaib,20,A+,9038374733,04/12/2018,9374-3728-4738,12-Collector office road-Palani
5,Vinu,18,B+,9727383828,17/08/2019,8392-2083-1920,12-Sunderapuram-Coimbatore
6,Prince Albert,19,B+,9278387383,30/10/2020,9383-2737-9283,10-Dubai Main Road-Dubai
7,Prithiv,20,AB+,9383844483,19/04/2016,8393-3738-4536,45-Mettupalaiyam
8,Arun Kumar,19,B-,9364628229,31/07/2020,2832-2832-7282,19-Dubai Cross cut road-Dubai
9,Lenin,70,A+,9374737372,03/02/2013,8323-2726-1727,4-Railway station road-Karaikudi
10,Nirmal,80,AB-,9737337473,19/08/1999,8493-8383-2929,14-Bus stand road-Karaikudi
